Workbook

Sheet Assumptions
B1: CycloPlus SA — Master data model v1.1 (single source of truth)
B2: Blue = inputs. Provenance: A = validated reference data · B = authored, plausible · C = authored for a clean pedagogical result. Model sheet recomputes from here.
B4: Calendar (value stream brief)
B5: Working days / year | C5: 220 | D5: d/yr | E5: A | F5: VSM brief
B6: Available minutes / day | C6: 480 | D6: min/d | E6: A | F6: 1 shift x 8h, VSM brief
B8: CityLine demand & price
B9: Annual demand | C9: 8000 | D9: units/yr | E9: A | F9: VSM & lines
B10: Average selling price | C10: 800 | D10: CHF | E10: A | F10: reference lines
B11: Totally variable cost / unit | C11: 380 | D11: CHF | E11: C | F11: authored, ~48% of ASP
B13: CityLine assembly — 7 stations (VSM brief)
C14: CT (min) | D14: Setup (min/d) | E14: Prov
B15: Frame & painting | C15: 10 | D15: 225 | E15: A
B16: Fork & steering | C16: 8 | D16: 0 | E16: A
B17: Wheels | C17: 11 | D17: 0 | E17: A
B18: Transmission | C18: 16 | D18: 0 | E18: A
B19: Brakes | C19: 12 | D19: 0 | E19: A
B20: Accessories | C20: 9 | D20: 0 | E20: A
B21: Final inspection | C21: 7 | D21: 0 | E21: A
B23: Performance rate (ch.4, OEE)
B24: Transmission performance rate (TP) | C24: 0.9 | D24: - | E24: C | F24: authored, illustrative performance loss
B26: Observed WIP between stations (VSM brief)
B27: Before WS1 (frames) | C27: 20 | E27: A
B28: WS1-WS2 | C28: 5 | E28: A
B29: WS2-WS3 | C29: 8 | E29: A
B30: WS3-WS4 | C30: 25 | E30: A
B31: WS4-WS5 | C31: 2 | E31: A
B32: WS5-WS6 | C32: 3 | E32: A
B33: WS6-WS7 | C33: 4 | E33: A
B35: Paint capability — thickness µm (capability study brief)
B36: Lower spec limit | C36: 80 | D36: µm | E36: A | F36: Customer spec
B37: Upper spec limit | C37: 120 | D37: µm | E37: A | F37: Customer spec
B38: Mean before | C38: 98 | D38: µm | E38: C | F38: tuned to Cpk 0.46
B39: Std dev before | C39: 13 | D39: µm | E39: C | F39: tuned to Cpk 0.46
B40: Mean after | C40: 100 | D40: µm | E40: C | F40: tuned to Cpk 1.21
B41: Std dev after | C41: 5.5 | D41: µm | E41: C | F41: tuned to Cpk 1.21
B42: Rework cost | C42: 30 | D42: CHF/frame | E42: A | F42: Six Sigma brief
B43: Six Sigma project cost | C43: 30000 | D43: CHF | E43: A | F43: Six Sigma brief
B45: Kingman illustrative station (post-improvement, stable)
B46: Mean effective process time | C46: 13 | D46: min | E46: C | F46: illustrative
B47: CV of arrivals | C47: 0.5 | D47: - | E47: C | F47: illustrative
B48: CV process before | C48: 1 | D48: - | E48: C | F48: illustrative
B49: CV process after | C49: 0.4 | D49: - | E49: C | F49: illustrative
B50: Utilisation point 1 | C50: 0.9 | D50: - | E50: C | F50: trap curve
B51: Utilisation point 2 | C51: 0.95 | D51: - | E51: C | F51: trap curve
B52: Utilisation point 3 | C52: 0.98 | D52: - | E52: C | F52: trap curve
B54: Supply-chain lead times (bullwhip, ch.1)
B55: Retailer -> warehouse | C55: 1 | D55: wk | E55: B | F55: authored
B56: Warehouse -> assembly | C56: 1 | D56: wk | E56: B | F56: authored
B57: Assembly production | C57: 2 | D57: wk | E57: B | F57: authored
B58: Supplier replenishment | C58: 4 | D58: wk | E58: B | F58: authored
B59: Seasonal peak factor (Mar-Jun) | C59: 1.2 | D59: - | E59: C | F59: authored
B60: End-customer demand CV | C60: 0.15 | D60: - | E60: C | F60: authored
B62: ServicePlus fulfillment (process mining, ch.10)
B63: Annual orders | C63: 15000 | D63: orders/yr | E63: A | F63: reference lines
B64: Backorder rate | C64: 0.12 | D64: - | E64: C | F64: authored
B65: Mean pick time | C65: 90 | D65: min | E65: C | F65: authored
B66: Mean pack+ship time | C66: 120 | D66: min | E66: C | F66: authored
B67: Mean replenish delay (backorder) | C67: 7 | D67: d | E67: C | F67: authored
B69: Other product lines (revenue check, reference lines)
C70: Volume | E70: ASP
B71: E-Custom | C71: 3500 | E71: 3200 | F71: A
B72: ProCargo | C72: 600 | E72: 4500 | F72: A
B73: ProRacing | C73: 80 | E73: 12000 | F73: A
B74: ServicePlus | C74: 15000 | E74: 45 | F74: A
B76: CityLine process mining — event log generation (ch.10)
B77: Random seed | C77: 42 | D77: - | E77: C | F77: reproducibility (fixed)
B78: WIP cap (CONWIP) | C78: =SUM(C27:C33) -> 67 | D78: units | E78: A | F78: observed WIP total (67)
B79: Warm-up departures discarded | C79: 120 | D79: cases | E79: C | F79: before steady state
B80: Cases kept in the log | C80: 500 | D80: cases | E80: C | F80: log length
B81: Processing-time CV | C81: 0.35 | D81: - | E81: C | F81: lognormal per station
B82: Color change setup | C82: 44 | D82: min | E82: C | F82: distributed paint setup (~225/day)
B83: Color change cadence | C83: 5 | D83: frames | E83: C | F83: one change per N frames
B84: Paint rework repaint time | C84: 8 | D84: min | E84: C | F84: per reworked frame
B85: Final-inspection fail rate | C85: 0.05 | D85: - | E85: C | F85: adjustment loop
B86: Final adjustment time | C86: 9 | D86: min | E86: C | F86: per failed inspection
B87: Express share | C87: 0.02 | D87: - | E87: C | F87: variant marker

Sheet Model
B1: CycloPlus SA — derived figures (all formulas)
B2: Do not edit. Change inputs on the Assumptions sheet; these recompute.
B4: Calendar & demand
B5: Working weeks / year | C5: =Assumptions!$C$5/5 -> 44 | D5: wk/yr
B6: CityLine daily demand | C6: =Assumptions!$C$9/Assumptions!$C$5 -> 36.363636 | D6: units/d
B7: CityLine weekly demand | C7: =Assumptions!$C$9/$C$5 -> 181.81818 | D7: units/wk
B8: Takt time | C8: =Assumptions!$C$6/$C$6 -> 13.2 | D8: min/unit
B10: Assembly stations — effective capacity
B11: Station | C11: Eff. cap/day | D11: vs takt | E11: vs demand
B12: Frame & painting | C12: =(Assumptions!$C$6-Assumptions!$D$15)/Assumptions!$C$15 -> 25.5 | D12: =IF(Assumptions!$C$15>$C$8,"CT>takt","ok") -> ok | E12: =IF($C$12<$C$6,"SHORT","ok") -> SHORT
B13: Fork & steering | C13: =(Assumptions!$C$6-Assumptions!$D$16)/Assumptions!$C$16 -> 60 | D13: =IF(Assumptions!$C$16>$C$8,"CT>takt","ok") -> ok | E13: =IF($C$13<$C$6,"SHORT","ok") -> ok
B14: Wheels | C14: =(Assumptions!$C$6-Assumptions!$D$17)/Assumptions!$C$17 -> 43.636364 | D14: =IF(Assumptions!$C$17>$C$8,"CT>takt","ok") -> ok | E14: =IF($C$14<$C$6,"SHORT","ok") -> ok
B15: Transmission | C15: =(Assumptions!$C$6-Assumptions!$D$18)/Assumptions!$C$18 -> 30 | D15: =IF(Assumptions!$C$18>$C$8,"CT>takt","ok") -> CT>takt | E15: =IF($C$15<$C$6,"SHORT","ok") -> SHORT
B16: Brakes | C16: =(Assumptions!$C$6-Assumptions!$D$19)/Assumptions!$C$19 -> 40 | D16: =IF(Assumptions!$C$19>$C$8,"CT>takt","ok") -> ok | E16: =IF($C$16<$C$6,"SHORT","ok") -> ok
B17: Accessories | C17: =(Assumptions!$C$6-Assumptions!$D$20)/Assumptions!$C$20 -> 53.333333 | D17: =IF(Assumptions!$C$20>$C$8,"CT>takt","ok") -> ok | E17: =IF($C$17<$C$6,"SHORT","ok") -> ok
B18: Final inspection | C18: =(Assumptions!$C$6-Assumptions!$D$21)/Assumptions!$C$21 -> 68.571429 | D18: =IF(Assumptions!$C$21>$C$8,"CT>takt","ok") -> ok | E18: =IF($C$18<$C$6,"SHORT","ok") -> ok
B19: Line capacity (bottleneck) | C19: =MIN($C$12:$C$18) -> 25.5 | D19: units/d
B20: Shortfall vs demand | C20: =$C$6-$C$19 -> 10.863636 | D20: units/d
B21: Shortfall (%) | C21: =$C$20/$C$6 -> 0.29875 | D21: %
B23: Charge, Capacity and OEE (ch.4)
B24: Painting theoretical capacity (no losses) | C24: =Assumptions!$C$6/Assumptions!$C$15 -> 48 | D24: units/d
B25: Painting operational availability, DO | C25: =(Assumptions!$C$6-Assumptions!$D$15)/Assumptions!$C$6 -> 0.53125 | D25: %
B26: Painting demonstrated capacity (theo. x DO) | C26: =$C$24*$C$25 -> 25.5 | D26: units/d
B28: Transmission demonstrated cycle time (CT/TP) | C28: =Assumptions!$C$18/Assumptions!$C$24 -> 17.777778 | D28: min
B29: Transmission demonstrated capacity | C29: =Assumptions!$C$6/$C$28 -> 27 | D29: units/d
B31: Flow (Little's Law)
B32: Total WIP | C32: =SUM(Assumptions!$C$27:$C$33) -> 67 | D32: units
B33: Value-added time | C33: =Assumptions!$C$15+Assumptions!$C$16+Assumptions!$C$17+Assumptions!$C$18+Assumptions!$C$19+Assumptions!$C$20+Assumptions!$C$21 -> 73 | D33: min
B34: Throughput (= bottleneck) | C34: =$C$19 -> 25.5 | D34: units/d
B35: Flow time | C35: =$C$32/$C$34 -> 2.627451 | D35: d
B36: Flow time | C36: =$C$35*Assumptions!$C$6 -> 1261.1765 | D36: min
B37: Flow efficiency | C37: =$C$33/$C$36 -> 0.057882463 | D37: %
B39: Paint capability & Six Sigma economics
B40: Cp before | C40: =(Assumptions!$C$37-Assumptions!$C$36)/(6*Assumptions!$C$39) -> 0.51282051 | D40: -
B41: Cpk before | C41: =MIN(Assumptions!$C$37-Assumptions!$C$38,Assumptions!$C$38-Assumptions!$C$36)/(3*Assumptions!$C$39) -> 0.46153846 | D41: -
B42: Cpk after | C42: =MIN(Assumptions!$C$37-Assumptions!$C$40,Assumptions!$C$40-Assumptions!$C$36)/(3*Assumptions!$C$41) -> 1.2121212 | D42: -
B43: Defect rate before | C43: =NORMDIST(Assumptions!$C$36,Assumptions!$C$38,Assumptions!$C$39,1)+(1-NORMDIST(Assumptions!$C$37,Assumptions!$C$38,Assumptions!$C$39,1)) -> 0.12837871 | D43: %
B44: Defect rate after | C44: =NORMDIST(Assumptions!$C$36,Assumptions!$C$40,Assumptions!$C$41,1)+(1-NORMDIST(Assumptions!$C$37,Assumptions!$C$40,Assumptions!$C$41,1)) -> 0.00027651392 | D44: %
B45: Frames painted / week | C45: =$C$34*5 -> 127.5 | D45: frames/wk
B46: Weekly rework cost before | C46: =$C$45*$C$43*Assumptions!$C$42 -> 491.04858 | D46: CHF/wk
B47: Annual rework cost before | C47: =$C$46*$C$5 -> 21606.137 | D47: CHF/yr
B48: Annual rework cost after | C48: =$C$45*$C$44*Assumptions!$C$42*$C$5 -> 46.537292 | D48: CHF/yr
B49: Annual gain | C49: =$C$47-$C$48 -> 21559.6 | D49: CHF/yr
B50: Payback | C50: =Assumptions!$C$43/$C$49*12 -> 16.697898 | D50: months
B52: Kingman queue (illustrative station)
B53: Queue: u=0.90, before (ce=1.0) | C53: =((Assumptions!$C$47^2+Assumptions!$C$48^2)/2)*(Assumptions!$C$50/(1-Assumptions!$C$50))*Assumptions!$C$46 -> 73.125 | D53: min
B54: Queue: u=0.90, after (ce=0.4) | C54: =((Assumptions!$C$47^2+Assumptions!$C$49^2)/2)*(Assumptions!$C$50/(1-Assumptions!$C$50))*Assumptions!$C$46 -> 23.985 | D54: min
B55: Queue: u=0.95, after (ce=0.4) | C55: =((Assumptions!$C$47^2+Assumptions!$C$49^2)/2)*(Assumptions!$C$51/(1-Assumptions!$C$51))*Assumptions!$C$46 -> 50.635 | D55: min
B56: Queue: u=0.98, after (ce=0.4) | C56: =((Assumptions!$C$47^2+Assumptions!$C$49^2)/2)*(Assumptions!$C$52/(1-Assumptions!$C$52))*Assumptions!$C$46 -> 130.585 | D56: min
B58: Throughput accounting (ch.3, CityLine)
B59: Throughput per unit, T = ASP - variable cost | C59: =Assumptions!$C$10-Assumptions!$C$11 -> 420 | D59: CHF/unit
B60: Throughput per day, T x bottleneck rate | C60: =$C$59*$C$19 -> 10710 | D60: CHF/day
B61: Throughput per week (5 days) | C61: =$C$59*$C$19*5 -> 53550 | D61: CHF/wk
B63: Revenue check
B64: CityLine revenue | C64: =Assumptions!$C$9*Assumptions!$C$10 -> 6400000 | D64: CHF
B65: E-Custom revenue | C65: =Assumptions!$C$71*Assumptions!$E$71 -> 11200000 | D65: CHF
B66: ProCargo revenue | C66: =Assumptions!$C$72*Assumptions!$E$72 -> 2700000 | D66: CHF
B67: ProRacing revenue | C67: =Assumptions!$C$73*Assumptions!$E$73 -> 960000 | D67: CHF
B68: ServicePlus revenue | C68: =Assumptions!$C$74*Assumptions!$E$74 -> 675000 | D68: CHF
B69: Total revenue | C69: =SUM($C$64:$C$68) -> 21935000 | D69: CHF
B70: Target (identity) | C70: =22000000 -> 22000000 | D70: CHF
